Incident Number,Highest Offense Description,Highest Offense Code,Family Violence,Occurred Date Time,Occurred Date,Occurred Time,Report Date Time,Report Date,Report Time,Location Type,Council District,APD Sector,APD District,Clearance Status,Clearance Date,UCR Category,Category Description,Census Block Group
202510507,CRIMINAL MISCHIEF,1400,N,1/1/2025 3:19,1/1/2025,319,1/1/2025 3:19,1/1/2025,319,OTHER / UNKNOWN,3,DA,2,,,,,4530013081
202510601,RESISTING ARREST OR SEARCH,905,N,1/1/2025 6:40,1/1/2025,640,1/1/2025 6:40,1/1/2025,640,HOTEL / MOTEL / ETC.,9,GE,3,,,,,4530011032
202510127,ASSAULT WITH INJURY,900,N,1/1/2025 0:40,1/1/2025,40,1/1/2025 0:40,1/1/2025,40,HWY / ROAD / ALLEY/ STREET/ SIDEWALK,9,GE,2,C,1/2/2025,,,4530011011
202510201,FAMILY DISTURBANCE,3400,N,1/1/2025 8:57,1/1/2025,857,1/1/2025 8:57,1/1/2025,857,RESIDENCE / HOME,3,HE,4,,,,,4530023142
20255000066,CRUELTY TO ANIMALS,2717,N,1/1/2025 21:00,1/1/2025,2100,1/2/2025 9:56,1/2/2025,956,RESIDENCE / HOME,6,AD,5,N,1/3/2025,,,4910203113
20255000054,FAILURE TO REG AS SEX OFFENDER,1799,N,1/1/2025 0:01,1/1/2025,1,1/2/2025 0:01,1/2/2025,1,OTHER / UNKNOWN,9,GE,2,N,1/2/2025,,,4530011011
202510037,ASSAULT W/INJURY-FAM/DATE VIOL,900,Y,1/1/2025 0:10,1/1/2025,10,1/1/2025 0:10,1/1/2025,10,RESIDENCE / HOME,8,DA,6,,,,,4530320006
202510170,DEADLY CONDUCT,408,N,1/1/2025 0:54,1/1/2025,54,1/1/2025 0:54,1/1/2025,54,RESIDENCE / HOME,1,CH,5,,,13A,Aggravated Assault,4530021102
202510290,DOC FIGHTING,2406,N,1/1/2025 2:01,1/1/2025,201,1/1/2025 2:01,1/1/2025,201,PARKING /DROP LOT/ GARAGE,3,HE,3,,,,,4530023254
202511644,FAMILY DISTURBANCE,3400,N,1/1/2025 22:37,1/1/2025,2237,1/1/2025 22:37,1/1/2025,2237,RESIDENCE / HOME,3,HE,4,N,1/3/2025,,,4530023131
202511727,FAMILY DISTURBANCE,3400,N,1/1/2025 23:58,1/1/2025,2358,1/1/2025 23:58,1/1/2025,2358,RESIDENCE / HOME,4,ED,2,,,,,4530407003
202511141,AGG KIDNAPPING,2801,N,1/1/2025 14:49,1/1/2025,1449,1/1/2025 15:56,1/1/2025,1556,PARKING /DROP LOT/ GARAGE,3,HE,2,C,1/2/2025,,,4530023043
20255000227,THEFT OF LICENSE PLATE,614,N,1/1/2025 19:00,1/1/2025,1900,1/4/2025 14:33,1/4/2025,1433,RESIDENCE / HOME,3,HE,2,,,23G,Theft,4530023161
202510454,ASSAULT WITH INJURY,900,N,1/1/2025 2:48,1/1/2025,248,1/1/2025 2:48,1/1/2025,248,HWY / ROAD / ALLEY/ STREET/ SIDEWALK,9,GE,3,N,1/2/2025,,,4530011032
202511527,HARASSMENT,2703,N,1/1/2025 20:39,1/1/2025,2039,1/1/2025 20:39,1/1/2025,2039,RESIDENCE / HOME,2,FR,7,,,,,4530024453
202511221,ASSAULT W/INJURY-FAM/DATE VIOL,900,Y,1/1/2025 16:14,1/1/2025,1614,1/1/2025 16:14,1/1/2025,1614,RESIDENCE / HOME,4,ED,2,C,1/1/2025,,,4530401002
202510157,AUTO THEFT,700,N,1/1/2025 0:50,1/1/2025,50,1/1/2025 0:50,1/1/2025,50,PARKING /DROP LOT/ GARAGE,6,AD,4,N,1/2/2025,240,Auto Theft,4910204061
202511487,POSSESSION OF MARIJUANA,1803,N,1/1/2025 20:00,1/1/2025,2000,1/1/2025 20:12,1/1/2025,2012,HWY / ROAD / ALLEY/ STREET/ SIDEWALK,1,CH,7,,,,,4530022011
20255000033,CRIMINAL MISCHIEF,1400,N,1/1/2025 1:20,1/1/2025,120,1/1/2025 16:39,1/1/2025,1639,RESIDENCE / HOME,2,FR,3,,,,,4530024223
20259000174,THEFT,600,N,1/1/2025 2:30,1/1/2025,230,1/3/2025 17:53,1/3/2025,1753,HWY / ROAD / ALLEY/ STREET/ SIDEWALK,7,ID,7,,,23H,Theft,4530015041
20255000020,CRIMINAL MISCHIEF,1400,N,1/1/2025 0:15,1/1/2025,15,1/1/2025 14:22,1/1/2025,1422,PARKING /DROP LOT/ GARAGE,6,AD,5,N,1/2/2025,,,4910203113
202510502,CRIMINAL MISCHIEF,1400,N,1/1/2025 3:18,1/1/2025,318,1/1/2025 3:18,1/1/2025,318,PARKING /DROP LOT/ GARAGE,8,DA,7,,,,,4530335001
202511363,POSS CONTROLLED SUB/NARCOTIC,1800,N,1/1/2025 19:09,1/1/2025,1909,1/1/2025 19:09,1/1/2025,1909,HWY / ROAD / ALLEY/ STREET/ SIDEWALK,3,HE,3,,,,,4530023253
20255000029,VIOL STATE LAW - OTHER,3399,N,1/1/2025 16:00,1/1/2025,1600,1/1/2025 16:00,1/1/2025,1600,PARKING /DROP LOT/ GARAGE,1,CH,5,,,,,4530022143
20253661580,ASSAULT W/INJURY-FAM/DATE VIOL,900,Y,1/1/2025 0:23,1/1/2025,23,1/1/2025 0:23,1/1/2025,23,HOTEL / MOTEL / ETC.,2,FR,5,C,1/1/2025,,,4530024111
202510277,HARASSMENT,2703,N,1/1/2025 1:33,1/1/2025,133,1/1/2025 9:25,1/1/2025,925,RESIDENCE / HOME,3,HE,2,,,,,4530023132
202510878,DISTURBANCE - OTHER,3401,N,1/1/2025 9:00,1/1/2025,900,1/1/2025 10:04,1/1/2025,1004,RESIDENCE / HOME,6,AD,4,N,1/1/2025,,,4910204063
20259000049,GRAFFITI,1402,N,1/1/2025 0:00,1/1/2025,0,1/2/2025 9:51,1/2/2025,951,COMMERCIAL / OFFICE BUILDING,10,AD,7,,,,,4530025002
202530495,AUTO THEFT,700,N,1/1/2025 0:00,1/1/2025,0,1/3/2025 10:21,1/3/2025,1021,PARKING /DROP LOT/ GARAGE,3,HE,3,,,240,Auto Theft,4530023243
202510137,ASSAULT W/INJURY-FAM/DATE VIOL,900,Y,1/1/2025 0:44,1/1/2025,44,1/1/2025 0:44,1/1/2025,44,RESIDENCE / HOME,4,ED,1,C,1/1/2025,,,4530432003
202510607,FAMILY DISTURBANCE,3400,N,1/1/2025 4:36,1/1/2025,436,1/1/2025 4:36,1/1/2025,436,RESIDENCE / HOME,4,ED,2,N,1/2/2025,,,4530407002
202510972,ASSAULT WITH INJURY,900,N,1/1/2025 11:55,1/1/2025,1155,1/1/2025 11:55,1/1/2025,1155,SHELTER-MISSION / HOMELESS,9,BA,5,,,,,4530003025
202510524,DAMAGE CITY VEHICLE,3832,N,1/1/2025 3:44,1/1/2025,344,1/1/2025 3:44,1/1/2025,344,PARKING /DROP LOT/ GARAGE,7,AD,1,,,,,4530324001
202510844,DISTURBANCE - OTHER,3401,N,1/1/2025 9:23,1/1/2025,923,1/1/2025 9:23,1/1/2025,923,RESIDENCE / HOME,3,DA,3,N,1/3/2025,,,4530020031
202510383,ASSAULT BY CONTACT,902,N,1/1/2025 2:00,1/1/2025,200,1/1/2025 2:11,1/1/2025,211,RESIDENCE / HOME,3,HE,3,,,,,4530023241
202511241,DOC DISCHARGE GUN - PUB PLACE,2408,N,1/1/2025 16:27,1/1/2025,1627,1/1/2025 16:27,1/1/2025,1627,RESIDENCE / HOME,2,FR,6,,,,,4530024471
202510203,CRIMINAL TRESPASS,2716,N,1/1/2025 1:06,1/1/2025,106,1/1/2025 1:06,1/1/2025,106,RESIDENCE / HOME,10,AD,7,,,,,4530025002
202511371,FAMILY DISTURBANCE,3400,N,1/1/2025 22:14,1/1/2025,2214,1/1/2025 22:14,1/1/2025,2214,RESIDENCE / HOME,2,FR,8,,,,,4530024193
202511280,THEFT FROM AUTO,603,N,1/1/2025 7:30,1/1/2025,730,1/1/2025 19:13,1/1/2025,1913,HWY / ROAD / ALLEY/ STREET/ SIDEWALK,4,ID,5,N,1/2/2025,23F,Theft,4530021051
202511590,AGG ASSAULT,402,N,1/1/2025 21:48,1/1/2025,2148,1/1/2025 21:48,1/1/2025,2148,RESIDENCE / HOME,1,ID,3,,,13A,Aggravated Assault,4530021131
202510270,UNLAWFUL RESTRAINT FAM/DAT VIO,2805,N,1/1/2025 1:42,1/1/2025,142,1/1/2025 1:42,1/1/2025,142,HWY / ROAD / ALLEY/ STREET/ SIDEWALK,6,AD,6,,,,,4910203341
202511575,THEFT BY SHOPLIFTING,607,N,1/1/2025 21:31,1/1/2025,2131,1/1/2025 22:17,1/1/2025,2217,DEPARTMENT / DISCOUNT STORE,5,DA,4,,,23C,Theft,4530020043
202511001,FAMILY DISTURBANCE,3400,N,1/1/2025 12:32,1/1/2025,1232,1/1/2025 12:32,1/1/2025,1232,RESIDENCE / HOME,5,FR,1,,,,,4530310003
202510943,ASSAULT WITH INJURY,900,N,1/1/2025 2:00,1/1/2025,200,1/1/2025 13:35,1/1/2025,1335,HWY / ROAD / ALLEY/ STREET/ SIDEWALK,9,GE,2,,,,,4530011011
202511456,FAMILY DISTURBANCE,3400,N,1/1/2025 20:24,1/1/2025,2024,1/1/2025 20:24,1/1/2025,2024,AIR / BUS / TRAIN TERMINAL,2,AP,S,,,,,4539800001
202510428,ASSAULT W/INJURY-FAM/DATE VIOL,900,Y,1/1/2025 2:35,1/1/2025,235,1/1/2025 5:40,1/1/2025,540,RESIDENCE / HOME,10,AD,8,C,1/3/2025,,,4530346001
20259000047,CRIMINAL MISCHIEF,1400,N,1/1/2025 18:00,1/1/2025,1800,1/1/2025 18:29,1/1/2025,1829,HWY / ROAD / ALLEY/ STREET/ SIDEWALK,8,DA,5,,,,,4530019172
20255000088,VIOL OF PROTECTIVE ORDER OR BOND FV/SEX CRIME/HUMAN TRAFFICKING,3009,N,1/1/2025 0:10,1/1/2025,10,1/2/2025 13:24,1/2/2025,1324,RESIDENCE / HOME,4,ID,1,,,,,4530434001
20259000032,BURGLARY OF VEHICLE,601,N,1/1/2025 17:00,1/1/2025,1700,1/1/2025 18:39,1/1/2025,1839,PARK / PLAYGROUND,10,BA,7,,,23F,Theft,4530001021
20259000040,BURGLARY OF VEHICLE,601,N,1/1/2025 20:30,1/1/2025,2030,1/1/2025 20:33,1/1/2025,2033,RESTAURANT,3,FR,4,,,23F,Theft,4530024431
202510567,AGG ASSAULT,402,N,1/1/2025 4:55,1/1/2025,455,1/1/2025 4:55,1/1/2025,455,HWY / ROAD / ALLEY/ STREET/ SIDEWALK,4,ED,1,,,13A,Aggravated Assault,4530431003
202510826,THEFT,600,N,1/1/2025 9:45,1/1/2025,945,1/1/2025 11:02,1/1/2025,1102,OTHER / UNKNOWN,9,BA,5,C,1/1/2025,23H,Theft,4530003041
202510286,RESISTING ARREST OR SEARCH,905,N,1/1/2025 1:35,1/1/2025,135,1/1/2025 1:35,1/1/2025,135,BAR / NIGHTCLUB,5,FR,2,,,,,4530024371
202510833,VIOL OF CAMPING ORDINANCE,3223,N,1/1/2025 10:00,1/1/2025,1000,1/1/2025 10:00,1/1/2025,1000,ABANDONED/CONDEMNED STRUCTURE,4,ID,6,,,,,4530021052
202510530,ASSAULT BY THREAT,901,N,1/1/2025 6:01,1/1/2025,601,1/1/2025 6:01,1/1/2025,601,PARKING /DROP LOT/ GARAGE,8,DA,7,N,1/2/2025,,,4530334002
202510881,FAMILY DISTURBANCE,3400,N,1/1/2025 10:07,1/1/2025,1007,1/1/2025 10:07,1/1/2025,1007,RESIDENCE / HOME,5,DA,4,,,,,4530020041
202510807,AUTO THEFT,700,N,1/1/2025 8:37,1/1/2025,837,1/1/2025 8:37,1/1/2025,837,HOTEL / MOTEL / ETC.,4,ID,6,,,240,Auto Theft,4530021052
202511195,ASSAULT BY CONTACT,902,Y,1/1/2025 15:43,1/1/2025,1543,1/1/2025 15:43,1/1/2025,1543,RESIDENCE / HOME,10,AD,8,C,1/1/2025,,,4530344002
20255000048,BURGLARY OF VEHICLE,601,N,1/1/2025 12:30,1/1/2025,1230,1/1/2025 20:20,1/1/2025,2020,PARK / PLAYGROUND,10,BA,8,,,23F,Theft,4530300001
20259000024,BURGLARY OF VEHICLE,601,N,1/1/2025 15:30,1/1/2025,1530,1/1/2025 16:26,1/1/2025,1626,PARK / PLAYGROUND,10,BA,8,,,23F,Theft,4530300001
202510151,BURGLARY NON RESIDENCE,502,N,1/1/2025 1:04,1/1/2025,104,1/1/2025 1:04,1/1/2025,104,SPECIALTY  STORE,7,BA,6,,,220,Burglary,4530015011
202510227,ASSAULT W/INJURY-FAM/DATE VIOL,900,Y,1/1/2025 3:08,1/1/2025,308,1/1/2025 3:08,1/1/2025,308,RESIDENCE / HOME,8,DA,6,,,,,4530320002
20259000132,CRIMINAL MISCHIEF,1400,N,1/1/2025 22:30,1/1/2025,2230,1/3/2025 9:49,1/3/2025,949,PARKING /DROP LOT/ GARAGE,2,FR,8,,,,,4530024193
202510630,ASSAULT W/INJURY-FAM/DATE VIOL,900,Y,1/1/2025 5:02,1/1/2025,502,1/1/2025 5:02,1/1/2025,502,OTHER / UNKNOWN,1,ED,7,,,,,4530416003
202510195,INTERFERE W PO SERVICE ANIMALS,3396,N,1/1/2025 1:04,1/1/2025,104,1/1/2025 1:04,1/1/2025,104,HWY / ROAD / ALLEY/ STREET/ SIDEWALK,9,GE,2,C,1/3/2025,,,4530011011
20259000112,CRIMINAL TRESPASS,2716,N,1/1/2025 0:00,1/1/2025,0,1/3/2025 1:34,1/3/2025,134,RESIDENCE / HOME,1,CH,4,,,,,4530021092
202510523,CRIMINAL MISCHIEF-NO SUSPECT,1400,N,1/1/2025 3:28,1/1/2025,328,1/1/2025 3:28,1/1/2025,328,OTHER / UNKNOWN,9,GE,1,,,,,4530011012
202510083,DEL CONTROLLED SUB/NARCOTIC,1804,N,1/1/2025 0:27,1/1/2025,27,1/1/2025 0:27,1/1/2025,27,PARKING /DROP LOT/ GARAGE,1,CH,5,C,1/1/2025,,,4530021102
202510958,VIOL TEMP EX PARTE  ORDER,3007,N,1/1/2025 12:14,1/1/2025,1214,1/1/2025 12:14,1/1/2025,1214,RESIDENCE / HOME,3,DA,2,,,,,4530020062
202511336,FAMILY DISTURBANCE,3400,N,1/1/2025 17:44,1/1/2025,1744,1/1/2025 17:44,1/1/2025,1744,DEPARTMENT / DISCOUNT STORE,4,ID,2,,,,,4530403003
202511210,AGG ASLT ENHANC STRANGL/SUFFOC,411,Y,1/1/2025 15:50,1/1/2025,1550,1/1/2025 16:24,1/1/2025,1624,RESIDENCE / HOME,4,ED,1,,,13A,Aggravated Assault,4530400004
202530912,DEADLY CONDUCT,408,N,1/1/2025 0:01,1/1/2025,1,1/3/2025 16:39,1/3/2025,1639,RESIDENCE / HOME,4,ID,8,,,13A,Aggravated Assault,4530400001
202511550,FAMILY DISTURBANCE,3400,N,1/1/2025 21:01,1/1/2025,2101,1/1/2025 21:01,1/1/2025,2101,RESIDENCE / HOME,1,CH,8,,,,,4530022192
202511593,DATING DISTURBANCE,2400,N,1/1/2025 21:55,1/1/2025,2155,1/1/2025 21:55,1/1/2025,2155,RESIDENCE / HOME,4,ED,2,,,,,4530401001
202511468,AUTO THEFT,700,N,1/1/2025 19:50,1/1/2025,1950,1/1/2025 19:50,1/1/2025,1950,PARKING /DROP LOT/ GARAGE,3,CH,5,,,240,Auto Theft,4530021113
202511148,FAMILY DISTURBANCE,3400,N,1/1/2025 14:59,1/1/2025,1459,1/1/2025 14:59,1/1/2025,1459,RESIDENCE / HOME,1,CH,7,,,,,4530022201
202511705,ASSAULT BY CONTACT,902,Y,1/1/2025 23:40,1/1/2025,2340,1/1/2025 23:40,1/1/2025,2340,RESIDENCE / HOME,9,HE,1,,,,,4530014023
20259000178,THEFT BY SHOPLIFTING,607,N,1/1/2025 12:52,1/1/2025,1252,1/3/2025 9:58,1/3/2025,958,DEPARTMENT / DISCOUNT STORE,5,FR,2,,,23C,Theft,4530024372
20259000043,BURGLARY OF VEHICLE,601,N,1/1/2025 0:00,1/1/2025,0,1/2/2025 8:33,1/2/2025,833,RESIDENCE / HOME,7,ED,4,N,1/2/2025,23F,Theft,4530411002
202510360,DWI,2100,N,1/1/2025 2:06,1/1/2025,206,1/1/2025 4:14,1/1/2025,414,HWY / ROAD / ALLEY/ STREET/ SIDEWALK,4,ED,7,,,,,4530416004
202510271,FAMILY DISTURBANCE,3400,N,1/1/2025 1:28,1/1/2025,128,1/1/2025 1:28,1/1/2025,128,RESIDENCE / HOME,7,ED,4,,,,,4530412001
202510412,ASSAULT W/INJURY-FAM/DATE VIOL,900,Y,1/1/2025 2:28,1/1/2025,228,1/1/2025 2:28,1/1/2025,228,RESIDENCE / HOME,3,HE,2,C,1/1/2025,,,4530023132
202510637,AUTO THEFT,700,N,1/1/2025 5:11,1/1/2025,511,1/1/2025 9:33,1/1/2025,933,HWY / ROAD / ALLEY/ STREET/ SIDEWALK,3,CH,1,N,1/3/2025,240,Auto Theft,4530009024
202530979,ASSAULT WITH INJURY,900,N,1/1/2025 2:10,1/1/2025,210,1/3/2025 18:06,1/3/2025,1806,HWY / ROAD / ALLEY/ STREET/ SIDEWALK,1,ED,6,,,,,4530440002
202511107,POSS CONTROLLED SUB/NARCOTIC,1800,N,1/1/2025 14:50,1/1/2025,1450,1/1/2025 14:50,1/1/2025,1450,HWY / ROAD / ALLEY/ STREET/ SIDEWALK,1,CH,5,,,,,4530021103
202511146,ASSAULT WITH INJURY,900,N,1/1/2025 3:00,1/1/2025,300,1/1/2025 16:05,1/1/2025,1605,HWY / ROAD / ALLEY/ STREET/ SIDEWALK,9,GE,2,,,,,4530011011
202511484,ASSAULT BY CONTACT FAM/DATING,902,N,1/1/2025 19:58,1/1/2025,1958,1/1/2025 19:58,1/1/2025,1958,RESIDENCE / HOME,5,FR,1,,,,,4530310003
20255000042,THEFT,600,N,1/1/2025 1:00,1/1/2025,100,1/1/2025 18:38,1/1/2025,1838,BAR / NIGHTCLUB,9,GE,1,,,23H,Theft,4530011012
202511660,CRUELTY TO ANIMALS,2717,N,1/1/2025 23:54,1/1/2025,2354,1/1/2025 23:54,1/1/2025,2354,RESIDENCE / HOME,3,HE,4,,,,,4530023144
202511308,POSSESSION OF MARIJUANA,1803,N,1/1/2025 17:25,1/1/2025,1725,1/1/2025 17:25,1/1/2025,1725,HWY / ROAD / ALLEY/ STREET/ SIDEWALK,1,CH,7,,,,,4530022222
20259000037,THEFT,600,N,1/1/2025 17:30,1/1/2025,1730,1/1/2025 20:34,1/1/2025,2034,SHOPPING MALL,6,AD,6,,,23H,Theft,4910203341
202511603,EVADING / FOOT,2723,N,1/1/2025 22:06,1/1/2025,2206,1/1/2025 22:33,1/1/2025,2233,HWY / ROAD / ALLEY/ STREET/ SIDEWALK,9,GE,2,C,1/2/2025,,,4530011011
202511322,ASSAULT BY CONTACT FAM/DATING,902,Y,1/1/2025 5:00,1/1/2025,500,1/2/2025 1:34,1/2/2025,134,RESIDENCE / HOME,5,FR,7,,,,,4530024512
20259000034,BURGLARY OF VEHICLE,601,N,1/1/2025 17:00,1/1/2025,1700,1/1/2025 20:02,1/1/2025,2002,PARK / PLAYGROUND,5,DA,4,,,23F,Theft,4530019221
202511518,ASSAULT BY CONTACT,902,N,1/1/2025 20:33,1/1/2025,2033,1/1/2025 20:33,1/1/2025,2033,AIR / BUS / TRAIN TERMINAL,2,AP,S,,,,,4539800001
20259000188,THEFT,600,N,1/1/2025 1:20,1/1/2025,120,1/4/2025 12:04,1/4/2025,1204,BAR / NIGHTCLUB,9,GE,2,,,23H,Theft,4530011011
202521303,ASSAULT W/INJURY-FAM/DATE VIOL,900,Y,1/2/2025 21:28,1/2/2025,2128,1/2/2025 21:28,1/2/2025,2128,RESIDENCE / HOME,4,ED,2,,,,,4530407003
202520816,CRIMINAL TRESPASS,2716,N,1/2/2025 15:14,1/2/2025,1514,1/2/2025 15:35,1/2/2025,1535,PARKING /DROP LOT/ GARAGE,3,HE,2,C,1/2/2025,,,4530023043
202521350,ASSAULT WITH INJURY,900,N,1/2/2025 22:35,1/2/2025,2235,1/2/2025 22:35,1/2/2025,2235,RESIDENCE / HOME,5,FR,1,,,,,4530318004
202520567,FAMILY DISTURBANCE,3400,N,1/2/2025 12:30,1/2/2025,1230,1/2/2025 13:36,1/2/2025,1336,RESIDENCE / HOME,4,ID,1,,,,,4530434001
20259000072,MAIL THEFT,8503,N,1/2/2025 5:54,1/2/2025,554,1/2/2025 14:14,1/2/2025,1414,RESIDENCE / HOME,2,FR,4,,,23H,Theft,4530024093
202530545,RAPE OF A CHILD,204,N,1/2/2025 22:45,1/2/2025,2245,1/3/2025 11:27,1/3/2025,1127,OTHER / UNKNOWN,8,DA,6,,,11A,Rape,4530330002
202530447,THEFT,600,N,1/2/2025 22:00,1/2/2025,2200,1/3/2025 9:00,1/3/2025,900,GOVERNMENT / PUBLIC BUILDING,2,FR,5,,,23H,Theft,4530024111
202521414,ASSAULT WITH INJURY,900,N,1/2/2025 22:51,1/2/2025,2251,1/2/2025 22:51,1/2/2025,2251,RESIDENCE / HOME,3,DA,1,,,,,4530013121
202531052,ASSAULT WITH INJURY,900,N,1/2/2025 10:05,1/2/2025,1005,1/3/2025 23:12,1/3/2025,2312,RESIDENCE / HOME,10,BA,7,,,,,4530016061
202520128,DWI,2100,N,1/2/2025 2:48,1/2/2025,248,1/2/2025 4:05,1/2/2025,405,RESTAURANT,5,DA,2,,,,,4530020072
202520431,FORGERY - OTHER,1099,N,1/2/2025 10:23,1/2/2025,1023,1/2/2025 10:23,1/2/2025,1023,RESIDENCE / HOME,4,ID,8,,,,,4530015032
202520684,CRIMINAL MISCHIEF,1400,N,1/2/2025 13:40,1/2/2025,1340,1/2/2025 13:43,1/2/2025,1343,COMMERCIAL / OFFICE BUILDING,4,ED,2,,,,,4530408003
202521196,AGG ASSAULT,402,N,1/2/2025 20:46,1/2/2025,2046,1/2/2025 20:46,1/2/2025,2046,PARKING /DROP LOT/ GARAGE,7,AD,1,,,13A,Aggravated Assault,4530324001
202521263,DISTURBANCE - OTHER,3401,N,1/2/2025 21:55,1/2/2025,2155,1/2/2025 21:55,1/2/2025,2155,RESIDENCE / HOME,7,ED,4,,,,,4530421004
202521332,POSS OF DRUG PARAPHERNALIA,1818,N,1/2/2025 22:45,1/2/2025,2245,1/2/2025 22:45,1/2/2025,2245,HWY / ROAD / ALLEY/ STREET/ SIDEWALK,1,CH,7,,,,,4530022012
20259000169,BURGLARY NON RESIDENCE,502,N,1/2/2025 1:56,1/2/2025,156,1/3/2025 19:11,1/3/2025,1911,RESTAURANT,3,CH,2,,,220,Burglary,4530021112
202520485,ASSAULT WITH INJURY,900,N,1/2/2025 11:07,1/2/2025,1107,1/2/2025 12:22,1/2/2025,1222,SPECIALTY  STORE,9,BA,4,,,,,4530003093
202520112,CRIMINAL MISCHIEF,1400,N,1/2/2025 2:55,1/2/2025,255,1/2/2025 2:55,1/2/2025,255,RESIDENCE / HOME,2,HE,7,C,1/2/2025,,,4530024532
202521449,POSS OF FIREARM BY FELON,1502,N,1/2/2025 23:18,1/2/2025,2318,1/2/2025 23:18,1/2/2025,2318,HWY / ROAD / ALLEY/ STREET/ SIDEWALK,1,CH,2,C,1/3/2025,,,4530009011
202521035,ROBBERY BY ASSAULT,303,N,1/2/2025 21:45,1/2/2025,2145,1/2/2025 21:45,1/2/2025,2145,SPECIALTY  STORE,4,ID,2,,,120,Robbery,4530403003
20259000144,CRIMINAL MISCHIEF,1400,N,1/2/2025 15:30,1/2/2025,1530,1/3/2025 12:54,1/3/2025,1254,PARKING /DROP LOT/ GARAGE,3,CH,2,,,,,4530009021
202520698,BURGLARY OF VEHICLE,601,N,1/2/2025 13:51,1/2/2025,1351,1/2/2025 15:28,1/2/2025,1528,PARKING /DROP LOT/ GARAGE,7,AD,1,,,23F,Theft,4530325002
20259000094,BURGLARY OF VEHICLE,601,N,1/2/2025 15:30,1/2/2025,1530,1/2/2025 16:26,1/2/2025,1626,PARK / PLAYGROUND,10,BA,7,,,23F,Theft,4530001021
202521355,FAMILY DISTURBANCE,3400,N,1/2/2025 22:31,1/2/2025,2231,1/2/2025 22:31,1/2/2025,2231,RESIDENCE / HOME,3,HE,3,N,1/4/2025,,,4530023254
202521090,VIOL OF PROTECTIVE ORDER OR BOND FV/SEX CRIME/HUMAN TRAFFICKING,3009,N,1/2/2025 18:47,1/2/2025,1847,1/2/2025 19:39,1/2/2025,1939,RESIDENCE / HOME,3,HE,3,,,,,4530023252
202521431,POSS OF DRUG PARAPHERNALIA,1818,N,1/2/2025 23:21,1/2/2025,2321,1/2/2025 23:21,1/2/2025,2321,HWY / ROAD / ALLEY/ STREET/ SIDEWALK,1,ID,4,,,,,4530021074
202521260,ASSAULT BY CONTACT,902,N,1/2/2025 18:10,1/2/2025,1810,1/2/2025 18:10,1/2/2025,1810,COMMERCIAL / OFFICE BUILDING,1,CH,4,,,,,4530021092
20259000182,MAIL THEFT,8503,N,1/2/2025 8:33,1/2/2025,833,1/4/2025 2:31,1/4/2025,231,RESIDENCE / HOME,7,ED,4,,,23H,Theft,4530421002
20259000204,CRIMINAL MISCHIEF,1400,N,1/2/2025 6:00,1/2/2025,600,1/4/2025 17:01,1/4/2025,1701,RESIDENCE / HOME,3,CH,1,,,,,4530010005
202521117,THEFT,600,N,1/2/2025 20:20,1/2/2025,2020,1/2/2025 20:20,1/2/2025,2020,HOTEL / MOTEL / ETC.,9,GE,3,C,1/2/2025,23H,Theft,4530011031
202520158,DISTURBANCE - OTHER,3401,N,1/2/2025 4:09,1/2/2025,409,1/2/2025 4:09,1/2/2025,409,RESIDENCE / HOME,10,BA,8,,,,,4530302004
202521177,AGG ASSAULT FAM/DATE VIOLENCE,402,Y,1/2/2025 20:56,1/2/2025,2056,1/2/2025 20:56,1/2/2025,2056,PARK / PLAYGROUND,1,CH,4,C,1/2/2025,13A,Aggravated Assault,4530021092
202520986,DISTURBANCE - OTHER,3401,N,1/2/2025 17:25,1/2/2025,1725,1/2/2025 17:25,1/2/2025,1725,RESIDENCE / HOME,9,GE,1,,,,,4530011011
202521040,DWI,2100,N,1/2/2025 18:09,1/2/2025,1809,1/2/2025 23:54,1/2/2025,2354,HWY / ROAD / ALLEY/ STREET/ SIDEWALK,9,BA,2,,,,,4530012001
20259000196,CRIMINAL MISCHIEF,1400,N,1/2/2025 23:30,1/2/2025,2330,1/4/2025 15:31,1/4/2025,1531,PARKING /DROP LOT/ GARAGE,8,DA,6,,,,,4530019151
202521110,FELONY ENHANCEMENT/ASSLT W/INJ,909,Y,1/2/2025 19:01,1/2/2025,1901,1/2/2025 19:42,1/2/2025,1942,PARKING /DROP LOT/ GARAGE,3,CH,1,C,1/2/2025,,,4530009022
202520553,FAMILY DISTURBANCE,3400,N,1/2/2025 11:58,1/2/2025,1158,1/2/2025 11:58,1/2/2025,1158,RESIDENCE / HOME,4,ED,1,,,,,4530410004
20259000088,FRAUD - OTHER,1199,N,1/2/2025 12:52,1/2/2025,1252,1/2/2025 14:47,1/2/2025,1447,BANK / SAVINGS & LOAN,7,AD,1,,,,,4530454003
202521280,ASSAULT WITH INJURY,900,N,1/2/2025 21:08,1/2/2025,2108,1/2/2025 21:08,1/2/2025,2108,PARKING /DROP LOT/ GARAGE,1,CH,4,,,,,4530021082
20259000118,CRIMINAL MISCHIEF,1400,N,1/2/2025 18:00,1/2/2025,1800,1/3/2025 8:15,1/3/2025,815,PARKING /DROP LOT/ GARAGE,8,DA,6,,,,,4530019151
20259000194,THEFT,600,N,1/2/2025 0:00,1/2/2025,0,1/4/2025 13:49,1/4/2025,1349,CHURCH / SYNAGOGUE / TEMPLE / MOSQUE,9,GE,1,,,23H,Theft,4530011011
202520150,FAMILY DISTURBANCE,3400,N,1/2/2025 3:47,1/2/2025,347,1/2/2025 3:47,1/2/2025,347,RESIDENCE / HOME,2,FR,8,,,,,4530024412
202521155,FAMILY DISTURBANCE,3400,N,1/2/2025 21:24,1/2/2025,2124,1/2/2025 21:24,1/2/2025,2124,RESIDENCE / HOME,1,CH,7,,,,,4530022012
202520877,AGG ROBBERY/DEADLY WEAPON,300,N,1/2/2025 16:03,1/2/2025,1603,1/2/2025 16:03,1/2/2025,1603,RESIDENCE / HOME,4,ID,3,,,120,Robbery,4530021121
20255000062,FAILURE TO REG AS SEX OFFENDER,1799,N,1/2/2025 9:31,1/2/2025,931,1/2/2025 9:31,1/2/2025,931,GOVERNMENT / PUBLIC BUILDING,9,GE,2,,,,,4530011011
202520548,ASSAULT BY CONTACT FAM/DATING,902,Y,1/2/2025 12:17,1/2/2025,1217,1/2/2025 12:17,1/2/2025,1217,RESIDENCE / HOME,3,HE,3,,,,,4530023254
20259000191,BURGLARY OF VEHICLE,601,N,1/2/2025 14:00,1/2/2025,1400,1/4/2025 12:29,1/4/2025,1229,PARKING /DROP LOT/ GARAGE,5,DA,4,,,23F,Theft,4530019221
20259000080,BURGLARY OF VEHICLE,601,N,1/2/2025 2:00,1/2/2025,200,1/2/2025 15:18,1/2/2025,1518,FIELD / WOODS,10,AD,7,,,23F,Theft,4530305002
202520878,HARASSMENT,2703,N,1/2/2025 16:04,1/2/2025,1604,1/2/2025 16:04,1/2/2025,1604,HWY / ROAD / ALLEY/ STREET/ SIDEWALK,6,AD,2,,,,,4530325003
202521364,POSS OF DRUG PARAPHERNALIA,1818,N,1/2/2025 22:32,1/2/2025,2232,1/2/2025 22:32,1/2/2025,2232,HWY / ROAD / ALLEY/ STREET/ SIDEWALK,4,ED,2,,,,,4530432003
202520010,FAMILY DISTURBANCE,3400,N,1/2/2025 0:11,1/2/2025,11,1/2/2025 0:11,1/2/2025,11,RESIDENCE / HOME,4,ED,2,,,,,4530407003
202520055,UNLAWFUL CARRYING WEAPON,1500,N,1/2/2025 1:13,1/2/2025,113,1/2/2025 1:13,1/2/2025,113,HWY / ROAD / ALLEY/ STREET/ SIDEWALK,7,ED,4,C,1/3/2025,,,4530411001
202520446,POSSESSION OF MARIJUANA,1803,N,1/2/2025 10:59,1/2/2025,1059,1/2/2025 10:59,1/2/2025,1059,HWY / ROAD / ALLEY/ STREET/ SIDEWALK,5,DA,2,N,1/3/2025,,,4530020072
202520301,BURGLARY OF SHED/DETACHED GARAGE/STORAGE UNIT,504,N,1/2/2025 8:06,1/2/2025,806,1/2/2025 8:42,1/2/2025,842,RENTAL STORAGE FACILITY,10,BA,8,N,1/3/2025,220,Burglary,4530323002
202520505,ASSAULT WITH INJURY,900,N,1/2/2025 11:22,1/2/2025,1122,1/2/2025 11:22,1/2/2025,1122,RESIDENCE / HOME,5,DA,2,,,,,4530013041
202520784,EVADING / FOOT,2723,N,1/2/2025 14:49,1/2/2025,1449,1/2/2025 14:49,1/2/2025,1449,RESIDENCE / HOME,4,ID,3,,,,,4530021121
202520704,POSS CONTROLLED SUB/NARCOTIC,1800,N,1/2/2025 13:55,1/2/2025,1355,1/2/2025 14:20,1/2/2025,1420,HWY / ROAD / ALLEY/ STREET/ SIDEWALK,4,ID,5,C,1/2/2025,,,4530021054
202521214,DWI - DRUG RECOGNITION EXPERT,2103,N,1/2/2025 20:20,1/2/2025,2020,1/2/2025 20:23,1/2/2025,2023,HWY / ROAD / ALLEY/ STREET/ SIDEWALK,6,AD,6,C,1/3/2025,,,4910203562
20259000086,CRIMINAL MISCHIEF,1400,N,1/2/2025 15:45,1/2/2025,1545,1/2/2025 16:34,1/2/2025,1634,COMMUNITY CENTER,3,CH,2,N,1/3/2025,,,4530009021
202521405,DISTURBANCE - OTHER,3401,N,1/2/2025 23:09,1/2/2025,2309,1/2/2025 23:09,1/2/2025,2309,RESIDENCE / HOME,6,AD,4,,,,,4910204061
202521167,ASSAULT W/INJURY-FAM/DATE VIOL,900,Y,1/2/2025 19:46,1/2/2025,1946,1/2/2025 19:46,1/2/2025,1946,RESIDENCE / HOME,,AD,,,,,,
202521369,AGG ASSAULT,402,N,1/2/2025 23:05,1/2/2025,2305,1/2/2025 23:05,1/2/2025,2305,HWY / ROAD / ALLEY/ STREET/ SIDEWALK,9,BA,1,,,13A,Aggravated Assault,4530005002
202521168,POSS OF FIREARM BY FELON,1502,N,1/2/2025 19:47,1/2/2025,1947,1/2/2025 19:47,1/2/2025,1947,HWY / ROAD / ALLEY/ STREET/ SIDEWALK,2,FR,4,C,1/3/2025,,,4530024433
202521191,AUTO THEFT,700,N,1/2/2025 20:05,1/2/2025,2005,1/2/2025 20:05,1/2/2025,2005,PARKING /DROP LOT/ GARAGE,2,FR,8,C,1/2/2025,240,Auto Theft,4530024192
202521438,POSS CONTROLLED SUB/NARCOTIC,1800,N,1/2/2025 23:08,1/2/2025,2308,1/3/2025 0:38,1/3/2025,38,SERVICE/ GAS STATION,4,ID,6,,,,,4530021052
202521351,FAMILY DISTURBANCE,3400,N,1/2/2025 22:01,1/2/2025,2201,1/2/2025 22:01,1/2/2025,2201,RESIDENCE / HOME,4,ID,3,,,,,4530021061
20259000119,CRIMINAL MISCHIEF,1400,N,1/2/2025 20:00,1/2/2025,2000,1/3/2025 8:58,1/3/2025,858,PARKING /DROP LOT/ GARAGE,8,DA,6,,,,,4530019151
20259000151,BURGLARY OF VEHICLE,601,N,1/2/2025 1:00,1/2/2025,100,1/3/2025 13:40,1/3/2025,1340,HWY / ROAD / ALLEY/ STREET/ SIDEWALK,5,FR,1,,,23F,Theft,4530309002
202520113,POSSESSION OF MARIJUANA,1803,N,1/2/2025 2:18,1/2/2025,218,1/2/2025 3:07,1/2/2025,307,HWY / ROAD / ALLEY/ STREET/ SIDEWALK,9,GE,1,,,,,4530011012
202520200,DOC EXPOSURE,2411,N,1/2/2025 5:01,1/2/2025,501,1/2/2025 5:43,1/2/2025,543,DRUG STORE / DOCTOR'S OFFICE / HOSPITAL,3,DA,3,C,1/2/2025,,,4530020031
202520305,FAMILY DISTURBANCE,3400,N,1/2/2025 8:00,1/2/2025,800,1/2/2025 8:47,1/2/2025,847,RESIDENCE / HOME,5,DA,2,,,,,4530020072
202520110,EVADING VEHICLE,2724,N,1/2/2025 4:30,1/2/2025,430,1/2/2025 4:30,1/2/2025,430,HWY / ROAD / ALLEY/ STREET/ SIDEWALK,4,ID,4,,,,,4530021061
20259000184,MAIL THEFT,8503,N,1/2/2025 1:00,1/2/2025,100,1/4/2025 8:15,1/4/2025,815,RESIDENCE / HOME,5,FR,2,,,23H,Theft,4530024381
202520095,BURGLARY NON RESIDENCE,502,N,1/2/2025 1:50,1/2/2025,150,1/2/2025 3:31,1/2/2025,331,CONVENIENCE STORE,7,ED,6,,,220,Burglary,4530439001
202531089,DISTURBANCE - OTHER,3401,N,1/3/2025 18:00,1/3/2025,1800,1/3/2025 18:00,1/3/2025,1800,RESIDENCE / HOME,3,DA,3,,,,,4530020031
202530834,ASSAULT WITH INJURY,900,Y,1/3/2025 14:46,1/3/2025,1446,1/3/2025 14:46,1/3/2025,1446,RESIDENCE / HOME,8,DA,7,C,1/3/2025,,,4530348002
202530766,FAMILY DISTURBANCE,3400,N,1/3/2025 13:57,1/3/2025,1357,1/3/2025 13:57,1/3/2025,1357,RESIDENCE / HOME,6,AD,5,,,,,4910205163
202530001,DWI,2100,N,1/3/2025 0:03,1/3/2025,3,1/3/2025 1:27,1/3/2025,127,HWY / ROAD / ALLEY/ STREET/ SIDEWALK,4,ED,7,,,,,4530416003
202531062,CRIMINAL MISCHIEF,1400,N,1/3/2025 17:00,1/3/2025,1700,1/3/2025 17:41,1/3/2025,1741,HWY / ROAD / ALLEY/ STREET/ SIDEWALK,4,ED,1,,,,,4530400004
202530335,FAMILY DISTURBANCE,3400,N,1/3/2025 7:05,1/3/2025,705,1/3/2025 7:05,1/3/2025,705,RESIDENCE / HOME,8,DA,4,,,,,4530321001
202530231,FAILURE TO REG AS SEX OFFENDER,1799,N,1/3/2025 4:38,1/3/2025,438,1/3/2025 4:38,1/3/2025,438,HWY / ROAD / ALLEY/ STREET/ SIDEWALK,1,CH,2,,,,,4530008023
202530019,POSSESSION OF MARIJUANA,1803,N,1/3/2025 0:14,1/3/2025,14,1/3/2025 0:14,1/3/2025,14,HWY / ROAD / ALLEY/ STREET/ SIDEWALK,,DA,,,,,,
202530158,DEADLY CONDUCT,408,N,1/3/2025 2:57,1/3/2025,257,1/3/2025 2:57,1/3/2025,257,HWY / ROAD / ALLEY/ STREET/ SIDEWALK,2,FR,6,,,13A,Aggravated Assault,4530024472
202530897,FAMILY DISTURBANCE,3400,N,1/3/2025 15:30,1/3/2025,1530,1/3/2025 15:30,1/3/2025,1530,RESIDENCE / HOME,5,DA,3,,,,,4530020022
20255000175,HARASSMENT,2703,Y,1/3/2025 14:56,1/3/2025,1456,1/3/2025 14:56,1/3/2025,1456,COMMERCIAL / OFFICE BUILDING,2,HE,6,,,,,4530024482
202531009,POSSESSION OF MARIJUANA,1803,N,1/3/2025 17:45,1/3/2025,1745,1/3/2025 17:45,1/3/2025,1745,PARKING /DROP LOT/ GARAGE,3,HE,4,N,1/3/2025,,,4530023131
202540625,AGG ASSAULT FAM/DATE VIOLENCE,402,Y,1/3/2025 2:30,1/3/2025,230,1/4/2025 13:15,1/4/2025,1315,RESIDENCE / HOME,3,HE,2,,,13A,Aggravated Assault,4530023072
2025300550,AUTO THEFT,700,N,1/3/2025 11:22,1/3/2025,1122,1/3/2025 11:22,1/3/2025,1122,RESIDENCE / HOME,8,DA,5,,,240,Auto Theft,4530019104
202530276,ASSAULT W/INJURY-FAM/DATE VIOL,900,Y,1/3/2025 5:57,1/3/2025,557,1/3/2025 7:15,1/3/2025,715,RESIDENCE / HOME,4,ED,1,C,1/3/2025,,,4530409001
202531413,FAMILY DISTURBANCE,3400,N,1/3/2025 22:58,1/3/2025,2258,1/3/2025 22:58,1/3/2025,2258,RESIDENCE / HOME,7,ED,6,,,,,4530443001
202530590,DISTURBANCE - OTHER,3401,N,1/3/2025 11:03,1/3/2025,1103,1/3/2025 11:03,1/3/2025,1103,RESIDENCE / HOME,2,FR,7,,,,,4530024511
202531218,ASSAULT BY CONTACT FAM/DATING,902,Y,1/3/2025 19:24,1/3/2025,1924,1/3/2025 20:08,1/3/2025,2008,RESIDENCE / HOME,7,ED,6,,,,,4530441002
20259000117,CRIMINAL MISCHIEF,1400,N,1/3/2025 0:00,1/3/2025,0,1/3/2025 8:04,1/3/2025,804,PARKING /DROP LOT/ GARAGE,8,DA,6,,,,,4530019151
202530550,AUTO THEFT,700,N,1/3/2025 18:40,1/3/2025,1840,1/3/2025 18:40,1/3/2025,1840,HWY / ROAD / ALLEY/ STREET/ SIDEWALK,8,DA,5,,,240,Auto Theft,4530019104
202531043,AUTO THEFT,700,N,1/3/2025 17:25,1/3/2025,1725,1/3/2025 18:45,1/3/2025,1845,PARKING /DROP LOT/ GARAGE,10,BA,8,,,240,Auto Theft,4530323003
202531442,TERRORISTIC THREAT-FAM/DAT VIO,2704,Y,1/3/2025 22:11,1/3/2025,2211,1/3/2025 22:11,1/3/2025,2211,HWY / ROAD / ALLEY/ STREET/ SIDEWALK,7,AD,3,C,1/4/2025,,,4530452001
202531406,POSS CONTROLLED SUB/NARCOTIC,1800,N,1/3/2025 21:47,1/3/2025,2147,1/3/2025 22:05,1/3/2025,2205,RESIDENCE / HOME,4,ED,2,C,1/4/2025,,,4530401001
202530954,THEFT FROM PERSON,610,Y,1/3/2025 16:22,1/3/2025,1622,1/3/2025 16:22,1/3/2025,1622,SHOPPING MALL,8,DA,5,,,23A,Theft,4530019103
202530328,AUTO THEFT,700,N,1/3/2025 1:30,1/3/2025,130,1/3/2025 7:39,1/3/2025,739,PARKING /DROP LOT/ GARAGE,3,HE,2,,,240,Auto Theft,4530023043
202530449,THEFT,600,N,1/3/2025 9:14,1/3/2025,914,1/3/2025 9:14,1/3/2025,914,DEPARTMENT / DISCOUNT STORE,,,,,,23H,Theft,
202530235,DATING DISTURBANCE,2400,N,1/3/2025 4:43,1/3/2025,443,1/3/2025 4:56,1/3/2025,456,RESIDENCE / HOME,10,AD,7,,,,,4530025003
202531186,AUTO THEFT,700,N,1/3/2025 22:09,1/3/2025,2209,1/3/2025 22:09,1/3/2025,2209,RESIDENCE / HOME,2,FR,7,,,240,Auto Theft,4530024453
202530807,FAMILY DISTURBANCE,3400,N,1/3/2025 14:30,1/3/2025,1430,1/3/2025 14:30,1/3/2025,1430,RESIDENCE / HOME,4,ED,1,,,,,4530431002
202531031,ASSAULT BY THREAT,901,N,1/3/2025 17:20,1/3/2025,1720,1/3/2025 17:21,1/3/2025,1721,HWY / ROAD / ALLEY/ STREET/ SIDEWALK,9,GE,1,,,,,4530011012
202531511,THEFT OF LICENSE PLATE,614,N,1/3/2025 22:48,1/3/2025,2248,1/3/2025 22:48,1/3/2025,2248,GROCERY / SUPERMARKET,3,DA,2,,,23G,Theft,4530013082
202530229,FAMILY DISTURBANCE,3400,N,1/3/2025 4:22,1/3/2025,422,1/3/2025 5:21,1/3/2025,521,RESIDENCE / HOME,1,ED,5,,,,,4530435001
202531237,TERRORISTIC THREAT,2704,N,1/3/2025 20:18,1/3/2025,2018,1/3/2025 20:18,1/3/2025,2018,CAMP / CAMPGROUND,2,FR,3,,,,,4530024223
202530078,FAMILY DISTURBANCE,3400,N,1/3/2025 1:03,1/3/2025,103,1/3/2025 1:03,1/3/2025,103,RESIDENCE / HOME,3,HE,5,N,1/4/2025,,,4530023201
202530068,AGG ASLT STRANGLE/SUFFOCATE,410,Y,1/3/2025 0:57,1/3/2025,57,1/3/2025 0:57,1/3/2025,57,RESIDENCE / HOME,3,CH,1,,,13A,Aggravated Assault,4530010005
202531235,FAMILY DISTURBANCE,3400,N,1/3/2025 19:45,1/3/2025,1945,1/3/2025 19:45,1/3/2025,1945,HOTEL / MOTEL / ETC.,6,AD,6,,,,,4910204032
20259000173,BURGLARY OF VEHICLE,601,N,1/3/2025 0:00,1/3/2025,0,1/3/2025 18:37,1/3/2025,1837,PARKING /DROP LOT/ GARAGE,8,DA,6,,,23F,Theft,4530019151
202530699,ASSAULT OF A PREGNANT WOMAN,911,Y,1/3/2025 12:49,1/3/2025,1249,1/3/2025 12:49,1/3/2025,1249,RESIDENCE / HOME,1,CH,5,,,,,4530021102
202530012,IMPERSONATING PUBLIC SERVANT,2905,N,1/3/2025 1:30,1/3/2025,130,1/3/2025 1:30,1/3/2025,130,BAR / NIGHTCLUB,2,FR,6,,,,,4530024472
202530285,AUTO THEFT,700,N,1/3/2025 6:05,1/3/2025,605,1/3/2025 6:05,1/3/2025,605,RESIDENCE / HOME,2,FR,8,,,240,Auto Theft,4530024191
202530601,ABUSE OF 911,2735,N,1/3/2025 11:14,1/3/2025,1114,1/3/2025 11:14,1/3/2025,1114,RESIDENCE / HOME,4,ID,4,,,,,4530021123
202530514,FAMILY DISTURBANCE,3400,N,1/3/2025 9:57,1/3/2025,957,1/3/2025 10:18,1/3/2025,1018,RESIDENCE / HOME,3,HE,2,N,1/4/2025,,,4530023132
20255000255,CHILD CUSTODY INTERFERE,2001,N,1/3/2025 18:00,1/3/2025,1800,1/4/2025 17:46,1/4/2025,1746,RESIDENCE / HOME,4,ID,6,,,,,4530021052
202530022,DWI,2100,N,1/3/2025 0:15,1/3/2025,15,1/3/2025 1:07,1/3/2025,107,HWY / ROAD / ALLEY/ STREET/ SIDEWALK,9,GE,2,,,,,4530011011
202530205,DATING DISTURBANCE,2400,N,1/3/2025 4:17,1/3/2025,417,1/3/2025 4:17,1/3/2025,417,RESIDENCE / HOME,2,FR,8,,,,,4530024511
202530150,POSS CONTROLLED SUB/OTHER,1802,N,1/3/2025 2:40,1/3/2025,240,1/3/2025 2:40,1/3/2025,240,HWY / ROAD / ALLEY/ STREET/ SIDEWALK,9,GE,2,,,,,4530011011
202530160,DWI - DRUG RECOGNITION EXPERT,2103,N,1/3/2025 2:21,1/3/2025,221,1/3/2025 2:21,1/3/2025,221,HWY / ROAD / ALLEY/ STREET/ SIDEWALK,3,HE,2,,,,,4530023041
202530082,DWI,2100,N,1/3/2025 0:09,1/3/2025,9,1/3/2025 1:07,1/3/2025,107,BAR / NIGHTCLUB,2,FR,6,,,,,4530024472
202530619,AIRPORT PLACES WEAPON PROHIBIT,1509,N,1/3/2025 11:35,1/3/2025,1135,1/3/2025 11:35,1/3/2025,1135,AIR / BUS / TRAIN TERMINAL,2,AP,S,,,,,4539800001
202530253,POSS CONTROLLED SUB/NARCOTIC,1800,N,1/3/2025 5:17,1/3/2025,517,1/3/2025 5:17,1/3/2025,517,RESIDENCE / HOME,7,BA,6,C,1/3/2025,,,4530404003
202530346,CRASH/FAIL STOP AND RENDER AID,3604,N,1/3/2025 7:23,1/3/2025,723,1/3/2025 8:02,1/3/2025,802,HWY / ROAD / ALLEY/ STREET/ SIDEWALK,,,,,,,,
202530784,BURGLARY OF VEHICLE,601,N,1/3/2025 13:15,1/3/2025,1315,1/3/2025 14:15,1/3/2025,1415,PARKING /DROP LOT/ GARAGE,10,BA,7,,,23F,Theft,4530001021
202530675,VIOL OF BOND CONDITIONS,3006,N,1/3/2025 12:27,1/3/2025,1227,1/3/2025 12:27,1/3/2025,1227,RESIDENCE / HOME,1,CH,6,,,,,4530022111
202531234,ASSAULT W/INJURY-FAM/DATE VIOL,900,Y,1/3/2025 20:55,1/3/2025,2055,1/3/2025 20:55,1/3/2025,2055,RESIDENCE / HOME,5,FR,2,C,1/3/2025,,,4530024382
202531082,AGG ASSAULT FAM/DATE VIOLENCE,402,Y,1/3/2025 17:50,1/3/2025,1750,1/3/2025 22:43,1/3/2025,2243,RESIDENCE / HOME,4,ID,4,C,1/4/2025,13A,Aggravated Assault,4530021062
202530955,AUTO THEFT,700,N,1/3/2025 21:00,1/3/2025,2100,1/4/2025 7:30,1/4/2025,730,RESIDENCE / HOME,6,AD,3,,,240,Auto Theft,4530342003
202530776,MAIL THEFT,8503,N,1/3/2025 14:07,1/3/2025,1407,1/3/2025 14:07,1/3/2025,1407,SPECIALTY  STORE,4,ED,1,C,1/3/2025,23H,Theft,4530409001
202531211,ASSAULT BY THREAT FAM/DATING,901,Y,1/3/2025 21:40,1/3/2025,2140,1/3/2025 21:40,1/3/2025,2140,RESIDENCE / HOME,1,CH,5,C,1/4/2025,,,4530021102
20255000188,THEFT OF LICENSE PLATE,614,N,1/3/2025 15:30,1/3/2025,1530,1/3/2025 19:23,1/3/2025,1923,RESIDENCE / HOME,5,FR,7,,,23G,Theft,4530024451
202530598,CRASH/FAIL STOP AND RENDER AID,3604,N,1/3/2025 11:14,1/3/2025,1114,1/3/2025 11:14,1/3/2025,1114,HWY / ROAD / ALLEY/ STREET/ SIDEWALK,4,ED,1,,,,,4530432002
202530775,BURGLARY NON RESIDENCE,502,N,1/3/2025 2:33,1/3/2025,233,1/3/2025 7:30,1/3/2025,730,DEPARTMENT / DISCOUNT STORE,2,FR,6,,,220,Burglary,4530024483
202530902,CRIMINAL MISCHIEF,1400,N,1/3/2025 15:36,1/3/2025,1536,1/3/2025 15:36,1/3/2025,1536,RESIDENCE / HOME,2,FR,8,,,,,4530024421
202531026,BURGLARY OF RESIDENCE,500,N,1/3/2025 17:15,1/3/2025,1715,1/3/2025 17:15,1/3/2025,1715,RESIDENCE / HOME,10,AD,8,C,1/4/2025,220,Burglary,4530358001
202531019,AUTO THEFT,700,N,1/3/2025 10:00,1/3/2025,1000,1/3/2025 17:11,1/3/2025,1711,HWY / ROAD / ALLEY/ STREET/ SIDEWALK,9,GE,2,,,240,Auto Theft,4530011032
202531294,POSSESSION OF MARIJUANA,1803,N,1/3/2025 20:41,1/3/2025,2041,1/3/2025 20:41,1/3/2025,2041,HWY / ROAD / ALLEY/ STREET/ SIDEWALK,1,CH,2,,,,,4530009012
202531172,CRIMINAL MISCHIEF,1400,N,1/3/2025 19:13,1/3/2025,1913,1/3/2025 19:13,1/3/2025,1913,PARKING /DROP LOT/ GARAGE,3,HE,3,,,,,4530023253
20259000176,BURGLARY OF VEHICLE,601,N,1/3/2025 16:45,1/3/2025,1645,1/3/2025 21:43,1/3/2025,2143,PARKING /DROP LOT/ GARAGE,9,BA,4,,,23F,Theft,4530003093
202531516,EVADING / FOOT,2723,N,1/3/2025 22:51,1/3/2025,2251,1/3/2025 22:51,1/3/2025,2251,HWY / ROAD / ALLEY/ STREET/ SIDEWALK,9,GE,1,,,,,4530012004
202531558,ROBBERY BY ASSAULT,303,N,1/3/2025 23:23,1/3/2025,2323,1/3/2025 23:23,1/3/2025,2323,PARKING /DROP LOT/ GARAGE,4,ID,1,,,120,Robbery,4530434001
202540271,AGG ASSAULT,402,N,1/4/2025 3:30,1/4/2025,330,1/4/2025 5:03,1/4/2025,503,HWY / ROAD / ALLEY/ STREET/ SIDEWALK,4,ID,5,C,1/4/2025,13A,Aggravated Assault,4530021054
202541325,AGG ASSAULT WITH MOTOR VEH,406,N,1/4/2025 21:17,1/4/2025,2117,1/4/2025 21:18,1/4/2025,2118,HWY / ROAD / ALLEY/ STREET/ SIDEWALK,5,FR,1,,,13A,Aggravated Assault,4530319003
202541016,BURGLARY OF RESIDENCE,500,N,1/4/2025 16:54,1/4/2025,1654,1/4/2025 16:54,1/4/2025,1654,RESIDENCE / HOME,2,FR,4,,,220,Burglary,4530024101
202540084,FAMILY DISTURBANCE/PARENTAL,3458,N,1/4/2025 0:57,1/4/2025,57,1/4/2025 0:57,1/4/2025,57,RESIDENCE / HOME,3,HE,3,N,1/4/2025,,,4530023254
202541332,FAMILY DISTURBANCE,3400,N,1/4/2025 20:40,1/4/2025,2040,1/4/2025 20:40,1/4/2025,2040,RESIDENCE / HOME,2,FR,4,,,,,4530024102
20255000212,AUTO THEFT,700,N,1/4/2025 10:27,1/4/2025,1027,1/4/2025 10:27,1/4/2025,1027,HWY / ROAD / ALLEY/ STREET/ SIDEWALK,3,DA,2,,,240,Auto Theft,4530023221
202540303,FAMILY DISTURBANCE,3400,N,1/4/2025 4:14,1/4/2025,414,1/4/2025 4:14,1/4/2025,414,RESIDENCE / HOME,7,ED,6,,,,,4530439003
202540214,ASSAULT W/INJURY-FAM/DATE VIOL,900,Y,1/4/2025 2:42,1/4/2025,242,1/4/2025 2:42,1/4/2025,242,RESIDENCE / HOME,1,CH,7,,,,,4530022201
202541321,POSS OF DRUG PARAPHERNALIA,1818,N,1/4/2025 22:09,1/4/2025,2209,1/4/2025 22:09,1/4/2025,2209,DRUG STORE / DOCTOR'S OFFICE / HOSPITAL,7,AD,2,,,,,4530325002
202540379,CRIMINAL MISCHIEF,1400,N,1/4/2025 7:29,1/4/2025,729,1/4/2025 7:29,1/4/2025,729,RESIDENCE / HOME,10,AD,7,N,1/4/2025,,,4530327002
202540598,CRIMINAL MISCHIEF,1400,N,1/4/2025 11:21,1/4/2025,1121,1/4/2025 11:21,1/4/2025,1121,RESIDENCE / HOME,2,FR,4,,,,,4530024101
202540482,AGG ASSAULT FAM/DATE VIOLENCE,402,Y,1/4/2025 9:49,1/4/2025,949,1/4/2025 9:49,1/4/2025,949,RESIDENCE / HOME,4,ED,2,,,13A,Aggravated Assault,4530407003
202540738,INJURY TO ELDERLY PERSON,2012,Y,1/4/2025 14:03,1/4/2025,1403,1/4/2025 14:03,1/4/2025,1403,PARKING /DROP LOT/ GARAGE,5,FR,1,,,,,4530309003
202540305,RESISTING ARREST OR SEARCH,905,N,1/4/2025 4:14,1/4/2025,414,1/4/2025 4:14,1/4/2025,414,HWY / ROAD / ALLEY/ STREET/ SIDEWALK,4,ED,1,,,,,4530406001
202541313,FAMILY DISTURBANCE/PARENTAL,3458,N,1/4/2025 20:00,1/4/2025,2000,1/4/2025 21:26,1/4/2025,2126,RESIDENCE / HOME,4,ID,5,,,,,4530021053
202540777,THEFT,600,N,1/4/2025 13:34,1/4/2025,1334,1/4/2025 14:16,1/4/2025,1416,GROCERY / SUPERMARKET,6,AD,6,,,23H,Theft,4910203341
202541053,BURGLARY NON RESIDENCE,502,N,1/4/2025 17:19,1/4/2025,1719,1/4/2025 18:09,1/4/2025,1809,CHURCH / SYNAGOGUE / TEMPLE / MOSQUE,8,DA,6,,,220,Burglary,4530347002
202540042,POSS CONTROLLED SUB/NARCOTIC,1800,N,1/4/2025 2:16,1/4/2025,216,1/4/2025 2:16,1/4/2025,216,BAR / NIGHTCLUB,7,AD,2,C,1/4/2025,,,4530454002
202541499,FAMILY DISTURBANCE,3400,N,1/4/2025 23:56,1/4/2025,2356,1/4/2025 23:56,1/4/2025,2356,RESIDENCE / HOME,7,ID,7,,,,,4530002054
202540566,ASSAULT WITH INJURY,900,N,1/4/2025 11:41,1/4/2025,1141,1/4/2025 11:41,1/4/2025,1141,HWY / ROAD / ALLEY/ STREET/ SIDEWALK,9,GE,1,C,1/4/2025,,,4530011012
202540735,ASSAULT WITH INJURY,900,N,1/4/2025 15:34,1/4/2025,1534,1/4/2025 15:34,1/4/2025,1534,DEPARTMENT / DISCOUNT STORE,1,ID,2,,,,,4530402001
202541171,POSS OF DRUG PARAPHERNALIA,1818,N,1/4/2025 18:51,1/4/2025,1851,1/4/2025 18:51,1/4/2025,1851,HWY / ROAD / ALLEY/ STREET/ SIDEWALK,6,AD,4,,,,,4910204102
202540291,AUTO THEFT,700,N,1/4/2025 4:00,1/4/2025,400,1/4/2025 4:00,1/4/2025,400,HWY / ROAD / ALLEY/ STREET/ SIDEWALK,4,ID,1,C,1/4/2025,240,Auto Theft,4530433001
202540784,AGG ROBBERY/DEADLY WEAPON,300,N,1/4/2025 13:40,1/4/2025,1340,1/4/2025 14:34,1/4/2025,1434,RESIDENCE / HOME,3,HE,4,,,120,Robbery,4530023142
202540102,ASSAULT WITH INJURY,900,N,1/4/2025 1:09,1/4/2025,109,1/4/2025 1:09,1/4/2025,109,HWY / ROAD / ALLEY/ STREET/ SIDEWALK,9,GE,2,C,1/4/2025,,,4530011011
202541341,POSS CONTROLLED SUB/NARCOTIC,1800,N,1/4/2025 21:25,1/4/2025,2125,1/4/2025 21:25,1/4/2025,2125,PARKING /DROP LOT/ GARAGE,3,HE,3,C,1/4/2025,,,4530023241
202540839,FAMILY DISTURBANCE,3400,N,1/4/2025 14:29,1/4/2025,1429,1/4/2025 14:29,1/4/2025,1429,HWY / ROAD / ALLEY/ STREET/ SIDEWALK,1,ED,6,,,,,4530440002
202541093,CRASH/FAIL STOP AND RENDER AID,3604,N,1/4/2025 17:46,1/4/2025,1746,1/4/2025 17:46,1/4/2025,1746,HWY / ROAD / ALLEY/ STREET/ SIDEWALK,1,CH,3,,,,,4530008032
202540933,DOC EXPOSURE,2411,N,1/4/2025 15:54,1/4/2025,1554,1/4/2025 18:16,1/4/2025,1816,RESIDENCE / HOME,7,AD,1,,,,,4530454003
202540313,AUTO THEFT,700,N,1/4/2025 4:26,1/4/2025,426,1/4/2025 11:24,1/4/2025,1124,RESIDENCE / HOME,4,ID,6,,,240,Auto Theft,4530021052
202540422,ASSAULT W/INJURY-FAM/DATE VIOL,900,Y,1/4/2025 7:53,1/4/2025,753,1/4/2025 10:00,1/4/2025,1000,PARKING /DROP LOT/ GARAGE,10,AD,7,C,1/4/2025,,,4530025003
202541523,DWI,2100,N,1/4/2025 23:42,1/4/2025,2342,1/4/2025 23:42,1/4/2025,2342,HWY / ROAD / ALLEY/ STREET/ SIDEWALK,3,HE,2,,,,,4530023151
20255000274,THEFT OF LICENSE PLATE,614,N,1/4/2025 17:00,1/4/2025,1700,1/4/2025 20:32,1/4/2025,2032,RESIDENCE / HOME,9,DA,1,,,23G,Theft,4530013103
202540154,POSSESSION OF MARIJUANA,1803,N,1/4/2025 1:54,1/4/2025,154,1/4/2025 5:11,1/4/2025,511,HWY / ROAD / ALLEY/ STREET/ SIDEWALK,,GE,,,,,,
20255000264,CRUELTY TO ANIMALS,2717,N,1/4/2025 15:30,1/4/2025,1530,1/4/2025 18:49,1/4/2025,1849,RESIDENCE / HOME,8,DA,6,,,,,4530330003
202541657,UNLAWFUL CARRYING WEAPON,1500,N,1/4/2025 23:56,1/4/2025,2356,1/4/2025 23:56,1/4/2025,2356,HWY / ROAD / ALLEY/ STREET/ SIDEWALK,,GE,,,,,,
202540804,HARASSMENT,2703,N,1/4/2025 13:58,1/4/2025,1358,1/4/2025 13:58,1/4/2025,1358,HWY / ROAD / ALLEY/ STREET/ SIDEWALK,9,GE,2,,,,,4530011011
202541363,ASSAULT BY THREAT FAM/DATING,901,N,1/4/2025 22:14,1/4/2025,2214,1/4/2025 22:14,1/4/2025,2214,RESIDENCE / HOME,5,FR,2,,,,,4530024381
202541204,TERRORISTIC THREAT,2704,N,1/4/2025 19:58,1/4/2025,1958,1/4/2025 19:58,1/4/2025,1958,RESIDENCE / HOME,7,AD,3,,,,,4530422003
202541147,POSS CONTROLLED SUB/NARCOTIC,1800,N,1/4/2025 19:43,1/4/2025,1943,1/4/2025 19:43,1/4/2025,1943,HWY / ROAD / ALLEY/ STREET/ SIDEWALK,4,ID,1,C,1/4/2025,,,4530433001
202540332,FAMILY DISTURBANCE,3400,N,1/4/2025 5:13,1/4/2025,513,1/4/2025 5:13,1/4/2025,513,RESIDENCE / HOME,4,ID,5,,,,,4530021053
202541384,DOC DISPLAY GUN/DEADLY PUB PLC,2409,N,1/4/2025 21:59,1/4/2025,2159,1/4/2025 21:59,1/4/2025,2159,CONVENIENCE STORE,3,DA,3,,,,,4530024441
202540048,UNLAWFUL CARRYING WEAPON,1500,N,1/4/2025 0:45,1/4/2025,45,1/4/2025 1:23,1/4/2025,123,HWY / ROAD / ALLEY/ STREET/ SIDEWALK,9,GE,2,C,1/4/2025,,,4530011011
202540106,DWI,2100,N,1/4/2025 1:30,1/4/2025,130,1/4/2025 3:04,1/4/2025,304,HWY / ROAD / ALLEY/ STREET/ SIDEWALK,3,CH,1,,,,,4530009024
202540006,DEL CONTROLLED SUB/NARCOTIC,1804,N,1/4/2025 0:29,1/4/2025,29,1/4/2025 0:29,1/4/2025,29,HWY / ROAD / ALLEY/ STREET/ SIDEWALK,,,,C,1/4/2025,,,
202540351,BURGLARY NON RESIDENCE,502,N,1/4/2025 1:45,1/4/2025,145,1/4/2025 5:58,1/4/2025,558,RESTAURANT,3,CH,5,,,220,Burglary,4530021112
202540465,CRIMINAL MISCHIEF,1400,N,1/4/2025 8:43,1/4/2025,843,1/4/2025 9:32,1/4/2025,932,RESIDENCE / HOME,2,FR,4,,,,,4530024101
202540168,POSSESSION OF MARIJUANA,1803,N,1/4/2025 2:06,1/4/2025,206,1/4/2025 2:06,1/4/2025,206,HWY / ROAD / ALLEY/ STREET/ SIDEWALK,4,ID,1,,,,,4530434002
202540256,DWI  .15 BAC OR ABOVE,2111,N,1/4/2025 3:15,1/4/2025,315,1/4/2025 3:15,1/4/2025,315,HWY / ROAD / ALLEY/ STREET/ SIDEWALK,2,FR,4,,,,,4530024093
202540663,ASSAULT W/INJURY-FAM/DATE VIOL,900,Y,1/4/2025 12:31,1/4/2025,1231,1/4/2025 12:31,1/4/2025,1231,RESIDENCE / HOME,4,ID,7,,,,,4530405002
202540475,FAMILY DISTURBANCE,3400,N,1/4/2025 8:52,1/4/2025,852,1/4/2025 8:52,1/4/2025,852,RESIDENCE / HOME,1,ID,3,,,,,4530021132
202540881,AGG ROBBERY/DEADLY WEAPON,300,N,1/4/2025 15:13,1/4/2025,1513,1/4/2025 15:13,1/4/2025,1513,PARKING /DROP LOT/ GARAGE,3,HE,4,,,120,Robbery,4530023143
20255000248,CRUELTY TO ANIMALS,2717,N,1/4/2025 16:32,1/4/2025,1632,1/4/2025 17:12,1/4/2025,1712,AUTO DEALERSHIP NEW / USED,,,,,,,,
202540321,AUTO THEFT,700,N,1/4/2025 4:43,1/4/2025,443,1/4/2025 4:43,1/4/2025,443,PARKING /DROP LOT/ GARAGE,4,ID,5,,,240,Auto Theft,4530021054
202540227,CRIMINAL MISCHIEF,1400,N,1/4/2025 2:52,1/4/2025,252,1/4/2025 2:52,1/4/2025,252,DEPARTMENT / DISCOUNT STORE,3,CH,2,,,,,4530021112
202540149,POSS OF DRUG PARAPHERNALIA,1818,N,1/4/2025 2:42,1/4/2025,242,1/4/2025 2:42,1/4/2025,242,HWY / ROAD / ALLEY/ STREET/ SIDEWALK,9,BA,1,,,,,4530005001
202540198,CRIMINAL MISCHIEF,1400,N,1/4/2025 2:25,1/4/2025,225,1/4/2025 2:30,1/4/2025,230,HWY / ROAD / ALLEY/ STREET/ SIDEWALK,9,BA,5,,,,,4530002032
202540148,TERRORISTIC THREAT-MASS CASLTY,2704,N,1/4/2025 1:40,1/4/2025,140,1/4/2025 2:20,1/4/2025,220,RESTAURANT,2,FR,4,C,1/4/2025,,,4530024432
2.03E+12,AUTO THEFT,700,N,1/4/2025 0:00,1/4/2025,0,1/4/2025 8:46,1/4/2025,846,SERVICE/ GAS STATION,5,FR,2,,,240,Auto Theft,4530024371
202540166,ROBBERY BY THREAT,305,N,1/4/2025 5:14,1/4/2025,514,1/4/2025 5:14,1/4/2025,514,HWY / ROAD / ALLEY/ STREET/ SIDEWALK,9,GE,3,C,1/4/2025,120,Robbery,4530011032
202540331,POSS OF DRUG PARAPHERNALIA,1818,N,1/4/2025 5:21,1/4/2025,521,1/4/2025 5:21,1/4/2025,521,HWY / ROAD / ALLEY/ STREET/ SIDEWALK,9,GE,2,N,1/4/2025,,,4530011011
202540852,VIOL OF PROTECTIVE ORDER OR BOND FV/SEX CRIME/HUMAN TRAFFICKING,3009,N,1/4/2025 16:00,1/4/2025,1600,1/4/2025 16:00,1/4/2025,1600,RESIDENCE / HOME,1,ID,4,,,,,4530021074
202540845,FAMILY DISTURBANCE,3400,N,1/4/2025 17:03,1/4/2025,1703,1/4/2025 17:03,1/4/2025,1703,RESIDENCE / HOME,4,ED,3,,,,,4530403002
